<?xml version="1.0" encoding="UTF-8"?>
<beans:beans xmlns="http://www.springframework.org/schema/mvc"
	xmlns:xsi="http://www.w3.org/2001/XMLSchema-instance"
	xmlns:beans="http://www.springframework.org/schema/beans"
	xmlns:context="http://www.springframework.org/schema/context"
	xmlns:security="http://www.springframework.org/schema/security"
	xsi:schemaLocation="http://www.springframework.org/schema/security http://www.springframework.org/schema/security/spring-security-5.0.xsd
		http://www.springframework.org/schema/mvc https://www.springframework.org/schema/mvc/spring-mvc.xsd
		http://www.springframework.org/schema/beans https://www.springframework.org/schema/beans/spring-beans.xsd
		http://www.springframework.org/schema/context https://www.springframework.org/schema/context/spring-context.xsd">

	<!-- DispatcherServlet Context: defines this servlet's request-processing infrastructure -->
	
	<!-- Enables the Spring MVC @Controller programming model -->
	<annotation-driven />

	<!-- Handles HTTP GET requests for /resources/** by efficiently serving up static resources in the ${webappRoot}/resources directory -->
	<!-- 정적인 파일들을 DispatcherServlet을 거치지 않고 접근할 수 있도록 하는 설정 -->
	<resources mapping="/resources/**" location="/resources/" />
	<resources mapping="/css/**" location="/css/"/>
	<resources mapping="/images/**" location="/images/"/>
	<resources mapping="/js/**" location="/js/"/>
	<resources mapping="/inc/**" location="/inc/"/>

	<!-- Resolves views selected for rendering by @Controllers to .jsp resources in the /WEB-INF/views directory -->
	<beans:bean class="org.springframework.web.servlet.view.InternalResourceViewResolver">
		<beans:property name="prefix" value="/WEB-INF/views/" />
		<beans:property name="suffix" value=".jsp" />
	</beans:bean>
	
	<!-- Password Security -->
	<beans:bean id="passwordEncoder" class="org.springframework.security.crypto.bcrypt.BCryptPasswordEncoder" />
	
	<!-- Interceptor 설정 =======================  -->
	<interceptors>
		<interceptor>
			<mapping path="/user/**"/>
			<mapping path="/admin/**"/>
			<beans:bean class="com.common.interceptor.LoginCheckInterceptor"/> 
		</interceptor>
		
		
		
		
		
	</interceptors>
	
	
		
	<!-- 스캔 대상 패키지를 등록한다 ====================================================== -->
	<context:component-scan base-package="com.my.myapp,com.memo.controller,com.memo.model" />
	<context:component-scan base-package="com.user.service, com.user.mapper"/>
	<context:component-scan base-package="com.common,com.shop"/>
	
	
	
	
</beans:beans>
