<!DOCTYPE mapper
 PUBLIC "-//mybatis.org//DTD Mapper 3.0//EN"
 "http://mybatis.org/dtd/mybatis-3-mapper.dtd">
<mapper namespace="com.shop.mapper.CartMapper">
	<select id="selectCartCountByPnum" resultType="int" parameterType="Cart">
		select cartNum from cart where idx_fk=#{idx_fk} and pnum_fk=#{pnum_fk}
	</select>
	<update id="updateCartQty" parameterType="Cart">
		update cart set pqty=pqty+#{pqty} where idx_fk=#{idx_fk} and pnum_fk=#{pnum_fk}
	</update>
	<insert id="addCart" parameterType="Cart">
		<selectKey keyProperty="cartNum" resultType="_int" order="BEFORE">
			select cart_seq.nextval from dual
		</selectKey>
		insert into cart(cartNum,idx_fk,pnum_fk, pqty)
		values(#{cartNum},#{idx_fk},#{pnum_fk}, #{pqty})
	</insert>
	
	<!--특정회원의 장바구니 목록 -->
	<select id="selectCartView_old" resultType="Cart" parameterType="_int">
		select c.*, p.pname, p.pimage1, price, saleprice,point,
		(c.pqty * p.saleprice) totalPrice,
		(c.pqty * p.point) totalPoint
		from cart c join product p
		on c.pnum_fk = p.pnum and c.idx_fk=#{value}
	</select>
	<!-- 위 문장을 이용해서 cartView를 만들어 사용 
	create or replace view cartView
		as
		select c.*, p.pname, p.pimage1, price, saleprice,point,
		(c.pqty * p.saleprice) totalPrice,
		(c.pqty * p.point) totalPoint
		from cart c join product p
		on c.pnum_fk = p.pnum ;	
	-->
	<select id="selectCartView" resultType="Cart" parameterType="_int">
		select * from cartView where idx_fk=#{value}
	</select>
	
	<select id="getCartTotal" resultType="Cart"  parameterType="_int">
		select sum(totalPrice) cartTotalPrice, sum(totalPoint) cartTotalPoint
		from cartView where idx_fk=#{value}
	</select>
	<!-- 특정 상품을 장바구니에서 삭제 -->
	<delete id="delCart" parameterType="_int">
		delete from cart where cartNum=#{value}
	</delete>
	
	<!-- 회원의 장바구니 목록 모두 비우기 -->
	<delete id="delCartAll" parameterType="_int">
		delete from cart where idx_fk=#{value}
	</delete>
	
	<!-- 장바구니 수량 수정 -->
	<update id="editCart" parameterType="Cart">
		update cart set pqty=#{pqty} where cartNum=#{cartNum}	
	</update>		
	
</mapper>




