<!DOCTYPE mapper
 PUBLIC "-//mybatis.org//DTD Mapper 3.0//EN"
 "http://mybatis.org/dtd/mybatis-3-mapper.dtd">
<mapper namespace="com.shop.mapper.ProductMapper">

	<select id="getUpcategory" resultType="Category">
		select * from upCategory order by upCg_code	
	</select>
	
	<select id="getDowncategory" resultType="Category" parameterType="int">
		select * from downCategory where upCg_code=#{value} order by downCg_code asc
	</select>

	<insert id="productInsert" parameterType="Product">
		<selectKey keyProperty="pnum" resultType="_int"
			order="BEFORE">
			select product_seq.nextval from dual
		</selectKey>
		insert into product values(#{pnum},#{pname},#{price},#{saleprice},
		#{pcompany},#{pcontents},#{pspec},#{point},sysdate,
		#{pimage1:VARCHAR},#{pimage2:VARCHAR},#{pimage3:VARCHAR},#{upCg_code},#{downCg_code})
	</insert>

	<select id="getProducts" resultType="Product">
		select p.*,
		(select upCg_name from upCategory where upCg_code=p.upCg_code) upCg_name,
		(select downCg_name from downCategory where downCg_code=p.downCg_code)
		downCg_name
		from product p order by pnum desc
	</select>
	
	<select id="selectByPspec" resultType="Product" parameterType="string">
		select * from product where pspec=#{value}
	</select>
	
	<select id="selectByPnum" resultType="Product" parameterType="_int">
		select * from product where pnum=#{value}
	</select>
</mapper>
